https://item.mercari.com/jp/m89039015166/,0,PlayStation4
https://item.mercari.com/jp/m77274317967/,0,PlayStation4
https://item.mercari.com/jp/m28025763071/,0,PlayStation4
http://www.yodobashi.com/product/100000001003642719/,0,OTHER
http://www.yodobashi.com/product/100000001003592694/,0,OTHER
http://shop.tsutaya.co.jp/game/product/4948872414463/,0,PlayStation4
http://www.yodobashi.com/product/100000001001605354/,0,OTHER
http://www.yodobashi.com/product/100000001003592715/,0,OTHER
http://shop.tsutaya.co.jp/game/product/4948872414241/,0,PlayStation4
http://shop.tsutaya.co.jp/game/product/4976219086301/?sc_int=home_pc_right-04,0,OTHER
http://www.yamada-denkiweb.com/1178044018,0,PlayStation4
http://www.yamada-denkiweb.com/5712210013?q=switch%E6%9C%AC%E4%BD%93,0,OTHER
http://www.yamada-denkiweb.com/1177933016?q=PS4%E6%9C%AC%E4%BD%93,0,PlayStation4
http://shop.tsutaya.co.jp/game/product/4902370535716/,0,OTHER
http://shop.tsutaya.co.jp/game/product/4948872414234/,0,PlayStation4
http://www.yodobashi.com/product/100000001001386067/,0,STATIONARY
http://www.yodobashi.com/product/100000001003476914/,0,STATIONARY
http://www.yodobashi.com/product/100000001002504961/,0,STATIONARY
http://7net.omni7.jp/detail/2110600922,0,PlayStation4
https://item.rakuten.co.jp/biccamera/4948872414425/,0,PlayStation4
http://www.yodobashi.com/product/100000001002504964/,0,STATIONARY
http://www.ksdenki.com/shop/g/g4548736022386/,0,Headphone
http://www.sofmap.com/product_detail.aspx?sku=12950959&gid=GF15010000,0,PlayStation4
